{
  "baseline": {
    "val": {
      "pr_auc": 0.5374,
      "roc_auc": 0.6687,
      "precision": 0.458,
      "recall": 0.5473,
      "f1": 0.4987
    },
    "test": {
      "pr_auc": 0.5309,
      "roc_auc": 0.6744,
      "precision": 0.4992,
      "recall": 0.5516,
      "f1": 0.5241
    }
  },
  "augmented": {
    "val": {
      "pr_auc": 0.53878165435773,
      "roc_auc": 0.6791224157462475,
      "precision": 0.4785932721712538,
      "recall": 0.5928030303030303,
      "f1": 0.5296108291032149
    },
    "test": {
      "pr_auc": 0.5084037089461532,
      "roc_auc": 0.6549916619389,
      "precision": 0.4725609756097561,
      "recall": 0.5516014234875445,
      "f1": 0.5090311986863711
    }
  }
}