{
  "repo_rejection_rate": {
    "mean": 0.030601308962732776,
    "std": 0.006695534149346365
  },
  "agent_rejection_rate": {
    "mean": -5.8593644712212625e-05,
    "std": 0.00010665135672294176
  },
  "agent_repo_rejection_rate": {
    "mean": -0.0007195731326113842,
    "std": 0.003612106260590293
  },
  "log1p_repo_pr_count": {
    "mean": 0.004789398914107118,
    "std": 0.0017539035362447582
  },
  "log1p_agent_pr_count": {
    "mean": 0.0022979908136992024,
    "std": 0.0013142339911098929
  },
  "pr_size_vs_repo_median": {
    "mean": 0.0034747779069825126,
    "std": 0.007725895022672335
  }
}