model,pr_auc_point,ci_lower,ci_upper
Multimodal LR,0.5309,0.4902047232375943,0.5760789625224413
Qwen3 Standard LLM,0.4242,0.38725061110873554,0.4669527274706081
QwQ Reasoning LLM,0.4359,0.3973126049055561,0.477547663112732
