model_a,model_b,delta_pr_auc,p_value,significant,delta_ci_lower,delta_ci_upper
Multimodal LR,Qwen3 Standard LLM,0.10662026293894855,0.0,True,0.05749142171940449,0.1543424645047799
Multimodal LR,QwQ Reasoning LLM,0.09498353121937497,0.0001,True,0.045838798997846736,0.1458231260530983
Qwen3 Standard LLM,QwQ Reasoning LLM,-0.011636731719573579,0.449,False,-0.04075426039474137,0.019736739205604478
