{
  "precision": 0.3333333333333333,
  "recall": 0.36363636363636365,
  "f1": 0.34782608695652173,
  "pr_auc": 0.42848484848484847,
  "roc_auc": 0.5361305361305361
}